bc/l2_loss,bc/samples_so_far,bc/batch,bc/epoch,bc/ent_loss,bc/loss,bc/neglogp,bc/l2_norm,bc/entropy,batch_size,bc/prob_true_act
0.0,384,0,0,-0.0048520187847316265,4.850526332855225,4.855378150939941,128.50035095214844,4.852018356323242,384,0.00778646906837821
0.0,192384,500,7,-0.0039107282646000385,3.0281410217285156,3.0320518016815186,131.427734375,3.9107279777526855,384,0.05825427919626236
0.0,384384,1000,14,-0.0032451606821268797,2.819192886352539,2.8224380016326904,132.63751220703125,3.2451605796813965,384,0.08040934801101685
0.0,576384,1500,21,-0.0029656600672751665,2.654442071914673,2.657407760620117,133.84185791015625,2.9656598567962646,384,0.09796025604009628
0.0,768384,2000,28,-0.002834080485627055,2.5838663578033447,2.586700439453125,134.77691650390625,2.834080457687378,384,0.10294895619153976
0.0,960384,2500,35,-0.0027595977298915386,2.6932802200317383,2.696039915084839,135.23988342285156,2.7595975399017334,384,0.09671825170516968
0.0,1152384,3000,42,-0.002723964396864176,2.6088263988494873,2.6115503311157227,136.52452087402344,2.723964214324951,384,0.10546242445707321
0.0,1344384,3500,50,-0.002680542878806591,2.5887136459350586,2.5913941860198975,138.57809448242188,2.6805427074432373,384,0.10524497926235199
0.0,1536384,4000,57,-0.002656669821590185,2.4987223148345947,2.5013790130615234,139.7887725830078,2.6566696166992188,384,0.1117386445403099
0.0,1728384,4500,64,-0.002642786828801036,2.6329505443573,2.6355934143066406,141.8662109375,2.642786741256714,384,0.10661371797323227
0.0,1920384,5000,71,-0.002662268467247486,2.405026912689209,2.407689094543457,144.3377227783203,2.6622684001922607,384,0.12717565894126892
0.0,2112384,5500,78,-0.0026207694318145514,2.315326690673828,2.3179473876953125,147.04315185546875,2.6207692623138428,384,0.15391087532043457
0.0,2304384,6000,85,-0.0025451004039496183,2.332362174987793,2.334907293319702,148.9704132080078,2.545100212097168,384,0.175199955701828
0.0,2496384,6500,92,-0.002443723613396287,2.206190586090088,2.208634376525879,150.62399291992188,2.443723440170288,384,0.200213223695755
0.0,2688384,7000,100,-0.002446061233058572,2.271498680114746,2.273944854736328,152.02517700195312,2.446061134338379,384,0.20373722910881042
0.0,2880384,7500,107,-0.0023703535553067923,2.2557835578918457,2.2581539154052734,153.25320434570312,2.3703534603118896,384,0.2118358314037323
0.0,3072384,8000,114,-0.0022911878768354654,2.1377058029174805,2.1399970054626465,154.52259826660156,2.2911877632141113,384,0.2378661334514618
0.0,3264384,8500,121,-0.002276959829032421,2.1643288135528564,2.1666057109832764,155.38307189941406,2.2769596576690674,384,0.24252097308635712
0.0,3456384,9000,128,-0.0022132217418402433,2.1205055713653564,2.1227188110351562,156.0441436767578,2.213221549987793,384,0.24060142040252686
0.0,3648384,9500,135,-0.002268498996272683,2.256763458251953,2.2590320110321045,157.50247192382812,2.2684988975524902,384,0.23699872195720673
0.0,3840384,10000,142,-0.0021928329952061176,2.170570135116577,2.172762870788574,158.52989196777344,2.1928329467773438,384,0.2510910928249359
0.0,4032384,10500,150,-0.0022118499036878347,2.141435146331787,2.1436469554901123,158.988525390625,2.2118496894836426,384,0.24694256484508514
0.0,4224384,11000,157,-0.0021504031028598547,2.166280508041382,2.168430805206299,159.76332092285156,2.1504030227661133,384,0.25212210416793823
0.0,4416384,11500,164,-0.002169694984331727,2.1773717403411865,2.1795413494110107,160.2230987548828,2.1696949005126953,384,0.25690385699272156
0.0,4608384,12000,171,-0.0021752009633928537,2.144035577774048,2.1462106704711914,161.4237060546875,2.175200939178467,384,0.2541438341140747
0.0,4800384,12500,178,-0.0022026547230780125,2.1521143913269043,2.1543171405792236,163.5159149169922,2.2026546001434326,384,0.25587353110313416
0.0,4992384,13000,185,-0.002184180309996009,2.180880308151245,2.1830644607543945,164.23561096191406,2.18418025970459,384,0.245417520403862
0.0,5184384,13500,192,-0.002162981079891324,2.1884207725524902,2.1905837059020996,164.46156311035156,2.1629810333251953,384,0.2475975751876831
0.0,5376384,14000,200,-0.0022084140218794346,2.068072557449341,2.0702810287475586,165.42298889160156,2.20841383934021,384,0.2612735331058502
0.0,5568384,14500,207,-0.0022208706941455603,2.0396759510040283,2.0418968200683594,169.70172119140625,2.2208704948425293,384,0.2681313157081604
0.0,5760384,15000,214,-0.002098050666972995,1.8626983165740967,1.8647964000701904,172.86204528808594,2.098050594329834,384,0.3087944984436035
0.0,5952384,15500,221,-0.002071511000394821,1.7691391706466675,1.7712106704711914,175.4634246826172,2.0715107917785645,384,0.3309774100780487
0.0,6144384,16000,228,-0.0019136309856548905,1.6810911893844604,1.6830048561096191,177.67282104492188,1.9136308431625366,384,0.3821735382080078
0.0,6336384,16500,235,-0.001790144364349544,1.629388451576233,1.631178617477417,179.82119750976562,1.7901443243026733,384,0.39633044600486755
0.0,6528384,17000,242,-0.0016173920594155788,1.4092906713485718,1.4109081029891968,181.3815460205078,1.6173919439315796,384,0.4548647105693817
0.0,6720384,17500,250,-0.0016479147598147392,1.4820646047592163,1.4837125539779663,182.8485565185547,1.6479146480560303,384,0.4444044828414917
0.0,6912384,18000,257,-0.0016443143831565976,1.675294041633606,1.6769384145736694,184.07679748535156,1.6443142890930176,384,0.4106820821762085
0.0,7104384,18500,264,-0.0014858073554933071,1.5470762252807617,1.5485620498657227,185.21485900878906,1.4858072996139526,384,0.4545641839504242
0.0,7296384,19000,271,-0.001636847504414618,1.4475574493408203,1.449194312095642,186.69595336914062,1.6368473768234253,384,0.43847429752349854
0.0,7488384,19500,278,-0.0015731046441942453,1.4837998151779175,1.4853729009628296,188.04273986816406,1.5731046199798584,384,0.4441789984703064
0.0,7680384,20000,285,-0.0016010006656870246,1.3463783264160156,1.3479793071746826,189.16348266601562,1.6010005474090576,384,0.4598846435546875
0.0,7872384,20500,292,-0.0014325708616524935,1.3304731845855713,1.331905722618103,189.9328155517578,1.4325708150863647,384,0.4825424551963806
